Height M,Z-score
1.589491718,-0.346033363
1.650781882,-0.319753036
1.713147405,-0.293011611
1.713566229,-0.292832025
1.721236971,-0.289542923
1.729617843,-0.285949327
1.734294905,-0.283943872
1.766343383,-0.270201952
1.801768905,-0.255012006
1.839402089,-0.238875446
1.886878334,-0.218518326
1.935731523,-0.197570792
1.948178893,-0.192233542
2.10379666,-0.125506917
10.81353,3.609099512
